codice_fiscale,nome_organizzazione,nome_norm,url_scheda,is_aics_scheda
00316140433,CVM - Comunità Volontari per il Mondo,CVM COMUNIT VOLONTARI PER IL MONDO,https://www.open-cooperazione.it/web/org-cvm-comunita-volontari-per-il-mondo-scheda-r69HubXPrH4Xaz.aspx,SI
00677540288,MEDICI CON L'AFRICA CUAMM,MEDICI CON L AFRICA CUAMM,https://www.open-cooperazione.it/web/org-medici-con-lafrica-cuamm-scheda-phQFn5Ta52cXaz.aspx,SI
01029970371,CEFA Comitato Europeo per la Formazione e l'Agricoltura ETS,CEFA COMITATO EUROPEO PER LA FORMAZIONE E L AGRICOLTURA,https://www.open-cooperazione.it/web/org-cefa-comitato-europeo-per-la-formazione-e-lagricoltura-ets-scheda-CbAxzz3xz4ACdUXaz.aspx,SI
01078610498,CMSR - Centro Mondialità Sviluppo Reciproco,CMSR CENTRO MONDIALIT SVILUPPO RECIPROCO,https://www.open-cooperazione.it/web/org-cmsr-centro-mondialita-sviluppo-reciproco-scheda-2ePpQhRLQ9YXaz.aspx,SI
01230600122,Centro per un appropriato sviluppo tecnologico - CAST ONG Onlus,CENTRO PER UN APPROPRIATO SVILUPPO TECNOLOGICO CAST,https://www.open-cooperazione.it/web/org-centro-per-un-appropriato-sviluppo-tecnologico-cast-ong-onlus-scheda-0I3MWz2mkFkXaz.aspx,SI
01561920586,UNICEF - Comitato Italiano per l'UNICEF,UNICEF COMITATO ITALIANO PER L UNICEF,https://www.open-cooperazione.it/web/org-unicef-comitato-italiano-per-lunicef-scheda-WgKu2urghZQXaz.aspx,SI
01633710973,FONDAZIONE PIN POLO DI PRATO DELL'UNIVERSITA' DI FIRENZE,PIN POLO DI PRATO DELL UNIVERSITA DI FIRENZE,https://www.open-cooperazione.it/web/org-fondazione-pin-polo-di-prato-delluniversita-di-firenze-scheda-Iy4BtwyLkJkXaz.aspx,SI
01662170222,Gruppo Trentino di Volontariato ODV (GTV),GRUPPO TRENTINO DI VOLONTARIATO GTV,https://www.open-cooperazione.it/web/org-gruppo-trentino-di-volontariato-odv-gtv-scheda-PzMWmG1_uIoXaz.aspx,NO
01810670222,Consorzio Associazioni con il Mozambico ODV,CONSORZIO ASSOCIAZIONI CON IL MOZAMBICO,https://www.open-cooperazione.it/web/org-consorzio-associazioni-con-il-mozambico-odv-scheda-KDGaEsEi8HIXaz.aspx,SI
02142470547,TAMAT E.T.S.,TAMAT E T S,https://www.open-cooperazione.it/web/org-tamat-ets-scheda-uUNZFmgN0I8Xaz.aspx,SI
02333740344,Caritas Children ETS,CARITAS CHILDREN,https://www.open-cooperazione.it/web/org-caritas-children-ets-scheda-HqduqpTb9rcXaz.aspx,NO
02534780586,Associazione Centro ELIS,CENTRO ELIS,https://www.open-cooperazione.it/web/org-associazione-centro-elis-scheda-fvwzVbICjjUXaz.aspx,SI
02744640133,"Associazione ""A força da partilha"" onlus",A FOR A DA PARTILHA,https://www.open-cooperazione.it/web/org-associazione-a-for-a-da-partilha-onlus-scheda-EMd73VfVmcEXaz.aspx,NO
02883090611,A.S.D. POLISPORTIVA PHOENIX,A S D POLISPORTIVA PHOENIX,https://www.open-cooperazione.it/web/org-asd-polisportiva-phoenix-scheda-BNQGJS7JrHoXaz.aspx,NO
03031110582,Amnesty International,AMNESTY INTERNATIONAL,https://www.open-cooperazione.it/web/org-amnesty-international-scheda-3dBd_YCCbAxT6cXaz.aspx,NO
03533010173,Fondazione Punto Missione,PUNTO MISSIONE,https://www.open-cooperazione.it/web/org-fondazione-punto-missione-scheda-U3ehwA4uMQsXaz.aspx,NO
03556801003,ASIA - Associazione per la Solidarietà Internazionale in Asia - ETS,ASIA PER LA SOLIDARIET INTERNAZIONALE IN ASIA,https://www.open-cooperazione.it/web/org-asia-associazione-per-la-solidarieta-internazionale-in-asia-ets-scheda-K6gRq9Yy_CYXaz.aspx,SI
03993400153,ICEI Istituto Cooperazione Economica Internazionale,ICEI ISTITUTO COOPERAZIONE ECONOMICA INTERNAZIONALE,https://www.open-cooperazione.it/web/org-icei-istituto-cooperazione-economica-internazionale-scheda-7l7GSCbAxTKCKcXaz.aspx,SI
05884841007,ASEM ITALIA OdV,ASEM ITALIA,https://www.open-cooperazione.it/web/org-asem-italia-odv-scheda-tHjyCbAx3fMGkUXaz.aspx,NO
05907170483,ACQUIFERA APS,ACQUIFERA,https://www.open-cooperazione.it/web/org-acquifera-aps-scheda-_7RAl3fQ9kMXaz.aspx,SI
06113160961,IL NODO Cooperazione Internazionale ETS,IL NODO COOPERAZIONE INTERNAZIONALE,https://www.open-cooperazione.it/web/org-il-nodo-cooperazione-internazionale-ets-scheda-qImlU2r3SrYXaz.aspx,NO
06799470585,Armadilla scs,ARMADILLA SCS,https://www.open-cooperazione.it/web/org-armadilla-scs-scheda-C6Eigyk684QXaz.aspx,SI
06820250485,ManzAid,MANZAID,https://www.open-cooperazione.it/web/org-manzaid-scheda-oCbAxTCSmf6y0UXaz.aspx,SI
09210131000,società cooperativa sociale arl AlterProjectEmpowerment2006 - APE06,SOCIET COOPERATIVA SOCIALE ARL ALTERPROJECTEMPOWERMENT2006 APE06,https://www.open-cooperazione.it/web/org-societa-cooperativa-sociale-arl-alterprojectempowerment2006-ape06-scheda-OgA7PQPd8MkXaz.aspx,NO
09686720153,ActionAid  International  Italia  E.T.S.,ACTIONAID INTERNATIONAL ITALIA E T S,https://www.open-cooperazione.it/web/org-actionaid-international-italia-ets-scheda-kDhxEpRpmQoXaz.aspx,SI
13022270154,Fondazione Mission Bambini,MISSION BAMBINI,https://www.open-cooperazione.it/web/org-fondazione-mission-bambini-scheda-XjHLeKJx1FAXaz.aspx,SI
13164890157,Deafal ONG,DEAFAL,https://www.open-cooperazione.it/web/org-deafal-ong-scheda-9gBPfP2nnnoXaz.aspx,SI
72198900155,FONDAZIONE DI PARTECIPAZIONE TURISMO RESPONSABILE AITR - ETS,DI PARTECIPAZIONE TURISMO RESPONSABILE AITR,https://www.open-cooperazione.it/web/org-fondazione-di-partecipazione-turismo-responsabile-aitr-ets-scheda-6tkiWOi5FpoXaz.aspx,NO
72299520151,CBM Italia ETS,CBM ITALIA,https://www.open-cooperazione.it/web/org-cbm-italia-ets-scheda-CJMdnvQzGCbAxYXaz.aspx,SI
76563330152,Students for Humanity ODV,STUDENTS FOR HUMANITY,https://www.open-cooperazione.it/web/org-students-for-humanity-odv-scheda-tfNaTNAY0TcXaz.aspx,NO
80001870544,Centro edile per la sicurezza e la formazione CESF,CENTRO EDILE PER LA SICUREZZA E LA FORMAZIONE CESF,https://www.open-cooperazione.it/web/org-centro-edile-per-la-sicurezza-e-la-formazione-cesf-scheda-bfjkeTBPXzIXaz.aspx,SI
80012670172,NO ONE OUT,NO ONE OUT,https://www.open-cooperazione.it/web/org-no-one-out-scheda-auEvvx7i6cMXaz.aspx,SI
80012670172,Servizio Volontario Internazionale - SVI,SERVIZIO VOLONTARIO INTERNAZIONALE SVI,https://www.open-cooperazione.it/web/org-servizio-volontario-internazionale-svi-scheda-YZu7H4bDCPcXaz.aspx,SI
80013110350,Volontari nel Mondo RTM,VOLONTARI NEL MONDO RTM,https://www.open-cooperazione.it/web/org-volontari-nel-mondo-rtm-scheda-xrPhS6JA32gXaz.aspx,SI
80018000044,LVIA,LVIA,https://www.open-cooperazione.it/web/org-lvia-scheda-TiXkyybXWdsXaz.aspx,SI
80046590586,ICU Istituto per la Cooperazione Universitaria,ICU ISTITUTO PER LA COOPERAZIONE UNIVERSITARIA,https://www.open-cooperazione.it/web/org-icu-istituto-per-la-cooperazione-universitaria-scheda-IvaDCbAxSHOQ90Xaz.aspx,SI
80060090372,AIFO - Associazione italiana amici di Raoul Follereau ETS,AIFO ITALIANA AMICI DI RAOUL FOLLEREAU,https://www.open-cooperazione.it/web/org-aifo-associazione-italiana-amici-di-raoul-follereau-ets-scheda-LsOskoraeBwXaz.aspx,SI
80090670581,COSV - ETS,COSV,https://www.open-cooperazione.it/web/org-cosv-ets-scheda-xcp4z1Pv02wXaz.aspx,SI
80101280016,CISV  ETS - Comunità Impegno Servizio Volontariato ETS,CISV COMUNIT IMPEGNO SERVIZIO VOLONTARIATO,https://www.open-cooperazione.it/web/org-cisv-ets-comunita-impegno-servizio-volontariato-ets-scheda-NsHxwhidQu4Xaz.aspx,SI
80113990156,VISPE - Volontari Italiani per la Solidarietà ai Paesi Emergenti  ETS,VISPE VOLONTARI ITALIANI PER LA SOLIDARIET AI PAESI EMERGENTI,https://www.open-cooperazione.it/web/org-vispe-volontari-italiani-per-la-solidarieta-ai-paesi-emergenti-ets-scheda-ndWB3dd2OIkXaz.aspx,SI
80118050154,FOCSIV ETS,FOCSIV,https://www.open-cooperazione.it/web/org-focsiv-ets-scheda-jNEI3dLg5J8Xaz.aspx,SI
80118750159,COOPI - Cooperazione Internazionale - ETS,COOPI COOPERAZIONE INTERNAZIONALE,https://www.open-cooperazione.it/web/org-coopi-cooperazione-internazionale-ets-scheda-SHg9x_NO2BwXaz.aspx,SI
80120910155,GRUPPO PER LE RELAZIONI TRANSCULTURALI ETS,GRUPPO PER LE RELAZIONI TRANSCULTURALI,https://www.open-cooperazione.it/web/org-gruppo-per-le-relazioni-transculturali-ets-scheda-icIKMPcBwowXaz.aspx,SI
80142650151,CIAI - Centro Italiano Aiuti all'Infanzia,CIAI CENTRO ITALIANO AIUTI ALL INFANZIA,https://www.open-cooperazione.it/web/org-ciai-centro-italiano-aiuti-allinfanzia-scheda-aJCbAxgfhjix2sXaz.aspx,NO
80150050153,Movimento Africa '70 ETS ONG,MOVIMENTO AFRICA 70,https://www.open-cooperazione.it/web/org-movimento-africa-70-ets-ong-scheda-_GPqWesRRA0Xaz.aspx,SI
80154990586,Progettomondo - ETS,PROGETTOMONDO,https://www.open-cooperazione.it/web/org-progettomondo-ets-scheda-CbAxs1Bs3bPtNYXaz.aspx,SI
80191770587,Comunità di S. Egidio ACAP APS,COMUNIT DI S EGIDIO ACAP,https://www.open-cooperazione.it/web/org-comunita-di-s-egidio-acap-aps-scheda-6xwmBBTAgCcXaz.aspx,SI
80202830156,CELIM Milano,CELIM MILANO,https://www.open-cooperazione.it/web/org-celim-milano-scheda-_EmVtjVqceYXaz.aspx,SI
80354630586,ENGIM - Ente Nazionale Giuseppini del Murialdo ETS,ENGIM NAZIONALE GIUSEPPINI DEL MURIALDO,https://www.open-cooperazione.it/web/org-engim-ente-nazionale-giuseppini-del-murialdo-ets-scheda-AVDCCbAxYnHbnYXaz.aspx,SI
80415830589,Terra Nuova Centro per la Solidarietà e la Cooperazione tra i Popoli,TERRA NUOVA CENTRO PER LA SOLIDARIET E LA COOPERAZIONE TRA I POPOLI,https://www.open-cooperazione.it/web/org-terra-nuova-centro-per-la-solidarieta-e-la-cooperazione-tra-i-popoli-scheda-vexJxLfjTFYXaz.aspx,SI
80415960584,AUCI - Associazione Universitaria per la Cooperazione Internazionale,AUCI UNIVERSITARIA PER LA COOPERAZIONE INTERNAZIONALE,https://www.open-cooperazione.it/web/org-auci-associazione-universitaria-per-la-cooperazione-internazionale-scheda-CbAxLOhZXqIiCMXaz.aspx,SI
81017180407,Fondazione AVSI - ETS,AVSI,https://www.open-cooperazione.it/web/org-fondazione-avsi-ets-scheda-U5w5qLycobkXaz.aspx,SI
82009620632,Comunità Promozione e Sviluppo - CPS,COMUNIT PROMOZIONE E SVILUPPO CPS,https://www.open-cooperazione.it/web/org-comunita-promozione-e-sviluppo-cps-scheda-0hRBfM2BrZQXaz.aspx,SI
84511630158,Movimento Lotta Fame nel Mondo,MOVIMENTO LOTTA FAME NEL MONDO,https://www.open-cooperazione.it/web/org-movimento-lotta-fame-nel-mondo-scheda-dJBGKi6m8ZoXaz.aspx,SI
90002190149,ASCI - Associazione Solidarietà e Cooperazione Internazionale don Guanella ODV,ASCI SOLIDARIET E COOPERAZIONE INTERNAZIONALE DON GUANELLA,https://www.open-cooperazione.it/web/org-asci-associazione-solidarieta-e-cooperazione-internazionale-don-guanella-odv-scheda-lk85HBEvNOAXaz.aspx,NO
90003110955,Organismo Sardo di Volontariato Internazionale Cristiano OSVIC ETS,ORGANISMO SARDO DI VOLONTARIATO INTERNAZIONALE CRISTIANO OSVIC,https://www.open-cooperazione.it/web/org-organismo-sardo-di-volontariato-internazionale-cristiano-osvic-ets-scheda-Ev6Ci0CwTm4Xaz.aspx,SI
90003360287,Fondazione Fratelli Dimenticati ETS,FRATELLI DIMENTICATI,https://www.open-cooperazione.it/web/org-fondazione-fratelli-dimenticati-ets-scheda-RxTVPl5rMg8Xaz.aspx,NO
90010410570,Progetto Continenti ETS,PROGETTO CONTINENTI,https://www.open-cooperazione.it/web/org-progetto-continenti-ets-scheda-8_fXJRFVmgQXaz.aspx,SI
90010990183,Guardavanti: per il futuro dei bambini - ETS,GUARDAVANTI PER IL FUTURO DEI BAMBINI,https://www.open-cooperazione.it/web/org-guardavanti-per-il-futuro-dei-bambini-ets-scheda-hxs7TloWydIXaz.aspx,SI
90021270419,L'AFRICA CHIAMA ODV,L AFRICA CHIAMA,https://www.open-cooperazione.it/web/org-lafrica-chiama-odv-scheda-vJOZgklebcYXaz.aspx,SI
90022130273,CE.SVI.TE.M. - Centro Sviluppo Terzo Mondo - ETS,CE SVI TE M CENTRO SVILUPPO TERZO MONDO,https://www.open-cooperazione.it/web/org-cesvitem-centro-sviluppo-terzo-mondo-ets-scheda-sAMUHXUe_RkXaz.aspx,SI
90023370308,MediCare Italia,MEDICARE ITALIA,https://www.open-cooperazione.it/web/org-medicare-italia-scheda-DivrMLltHk8Xaz.aspx,NO
90026450271,ASeS - Agricoltori Solidarietà e Sviluppo,ASES AGRICOLTORI SOLIDARIET E SVILUPPO,https://www.open-cooperazione.it/web/org-ases-agricoltori-solidarieta-e-sviluppo-scheda-qFOG7vWwVkAXaz.aspx,SI
90031370324,ACCRI ODV  - ASSOCIAZIONE DI COOPERAZIONE CRISTIANA INTERNAZIONALE,ACCRI DI COOPERAZIONE CRISTIANA INTERNAZIONALE,https://www.open-cooperazione.it/web/org-accri-odv-associazione-di-cooperazione-cristiana-internazionale-scheda-hi5Q9oqQQuEXaz.aspx,SI
90054570586,CReA ETS Centro Ricerche e Attività,CREA CENTRO RICERCHE E ATTIVIT,https://www.open-cooperazione.it/web/org-crea-ets-centro-ricerche-e-attivita-scheda-CNZ1y_Ayt2AXaz.aspx,NO
90195320735,ASSOCIAZIONE SALAM ONG,SALAM,https://www.open-cooperazione.it/web/org-associazione-salam-ong-scheda-V1kHMCP9NqIXaz.aspx,SI
90500750154,IBO Italia - ODV-ETS,IBO ITALIA,https://www.open-cooperazione.it/web/org-ibo-italia-odv-ets-scheda-CbAxJI3WrLxbDEXaz.aspx,SI
91000280312,Centro Volontari Cooperazione allo Sviluppo - CVCS ETS,CENTRO VOLONTARI COOPERAZIONE ALLO SVILUPPO CVCS,https://www.open-cooperazione.it/web/org-centro-volontari-cooperazione-allo-sviluppo-cvcs-ets-scheda-JobsA6uk0DoXaz.aspx,SI
91001170132,OVCI LA NOSTRA FAMIGLIA E.T.S.,OVCI LA NOSTRA FAMIGLIA E T S,https://www.open-cooperazione.it/web/org-ovci-la-nostra-famiglia-ets-scheda-dIcvoVk1OcoXaz.aspx,SI
91002260288,GMA (GRUPPO MISSIONI AFRICA),GMA GRUPPO MISSIONI AFRICA,https://www.open-cooperazione.it/web/org-gma-gruppo-missioni-africa-scheda-FZQL8SZNSgkXaz.aspx,SI
91003210506,Movimento Shalom,MOVIMENTO SHALOM,https://www.open-cooperazione.it/web/org-movimento-shalom-scheda-IUwjEGFHCbAxVUXaz.aspx,SI
91014590409,Condivisione fra i Popoli,CONDIVISIONE FRA I POPOLI,https://www.open-cooperazione.it/web/org-condivisione-fra-i-popoli-scheda-h1jM1Adl6zAXaz.aspx,SI
91017220558,Fondazione Aiutiamoli a Vivere O. N. G.,AIUTIAMOLI A VIVERE O N G,https://www.open-cooperazione.it/web/org-fondazione-aiutiamoli-a-vivere-o-n-g-scheda-7xwpZLnsNTIXaz.aspx,SI
91017290866,Coordinamento Regionale Volontariato e Solidarietà Luciano Lama Onlus Ong,COORDINAMENTO REGIONALE VOLONTARIATO E SOLIDARIET LUCIANO LAMA,https://www.open-cooperazione.it/web/org-coordinamento-regionale-volontariato-e-solidarieta-luciano-lama-onlus-ong-scheda-gWkjJNx4JQwXaz.aspx,SI
91019030864,Associazione Don Bosco 2000,DON BOSCO 2000,https://www.open-cooperazione.it/web/org-associazione-don-bosco-2000-scheda-2kLGn2DxRHwXaz.aspx,SI
91022220601,We're all Africa,WE RE ALL AFRICA,https://www.open-cooperazione.it/web/org-were-all-africa-scheda-_3BRhuHx6w8Xaz.aspx,NO
91024170465,homexpeoplexhome,HOMEXPEOPLEXHOME,https://www.open-cooperazione.it/web/org-homexpeoplexhome-scheda-GpsSh5FrtwIXaz.aspx,NO
91039990154,Fondazione Piero e Lucille Corti ETS,PIERO E LUCILLE CORTI,https://www.open-cooperazione.it/web/org-fondazione-piero-e-lucille-corti-ets-scheda-poafjIwq5rYXaz.aspx,SI
91040450248,WOMEN FOR FREEDOM ETS,WOMEN FOR FREEDOM,https://www.open-cooperazione.it/web/org-women-for-freedom-ets-scheda-CbAxh7LN3xA6q4Xaz.aspx,SI
91067680404,EducAid,EDUCAID,https://www.open-cooperazione.it/web/org-educaid-scheda-7xXl7Lg7ZzwXaz.aspx,SI
91077190741,DEMOSTENE CENTRO STUDI PER LA PROMOZIONE DELLO SVILUPPO UMANO,DEMOSTENE CENTRO STUDI PER LA PROMOZIONE DELLO SVILUPPO UMANO,https://www.open-cooperazione.it/web/org-demostene-centro-studi-per-la-promozione-dello-sviluppo-umano-scheda-f9waVJCbAx5ifoXaz.aspx,NO
91260820377,associazione di Volontariato San Martino Onlus Missione Ithanga Odv,DI VOLONTARIATO SAN MARTINO MISSIONE ITHANGA,https://www.open-cooperazione.it/web/org-associazione-di-volontariato-san-martino-onlus-missione-ithanga-odv-scheda-8FET_DkHBmEXaz.aspx,NO
91369120372,Street Child Italia ETS,STREET CHILD ITALIA,https://www.open-cooperazione.it/web/org-street-child-italia-ets-scheda-B5F8UbL0OIQXaz.aspx,SI
91526820153,Aleimar - Organizzazione di Volontariato,ALEIMAR ORGANIZZAZIONE DI VOLONTARIATO,https://www.open-cooperazione.it/web/org-aleimar-organizzazione-di-volontariato-scheda-rIyuVk4I38QXaz.aspx,NO
92003010805,CRIC - Centro Regionale d'Intervento per la Cooperazione - ETS,CRIC CENTRO REGIONALE D INTERVENTO PER LA COOPERAZIONE,https://www.open-cooperazione.it/web/org-cric-centro-regionale-dintervento-per-la-cooperazione-ets-scheda-APQZSOc7v4YXaz.aspx,SI
92005750051,DI-SVI ETS (DISARMO E SVILUPPO),DI SVI DISARMO E SVILUPPO,https://www.open-cooperazione.it/web/org-di-svi-ets-disarmo-e-sviluppo-scheda-6LQi1CyIdUMXaz.aspx,SI
92006700519,Oxfam Italia,OXFAM ITALIA,https://www.open-cooperazione.it/web/org-oxfam-italia-scheda-lnp6kqupD8EXaz.aspx,SI
92012120587,Azione Famiglie Nuove ETS,AZIONE FAMIGLIE NUOVE,https://www.open-cooperazione.it/web/org-azione-famiglie-nuove-ets-scheda-UqkDdbGUrCbAxAXaz.aspx,NO
92012290133,ASSOCIAZIONE CENTRO ORIENTAMENTO EDUCATIVO ETS,CENTRO ORIENTAMENTO EDUCATIVO,https://www.open-cooperazione.it/web/org-associazione-centro-orientamento-educativo-ets-scheda-WlR6HEhbqicXaz.aspx,SI
92020640667,Docemus,DOCEMUS,https://www.open-cooperazione.it/web/org-docemus-scheda-u9Zk_l6cG1sXaz.aspx,NO
92025940377,ISCOS EMILIA ROMAGNA ETS,ISCOS EMILIA ROMAGNA,https://www.open-cooperazione.it/web/org-iscos-emilia-romagna-ets-scheda-ibtmI2TPGncXaz.aspx,SI
92032420348,Parma per gli Altri ODV,PARMA PER GLI ALTRI,https://www.open-cooperazione.it/web/org-parma-per-gli-altri-odv-scheda-CbAxXxjnCbAxbLM1IXaz.aspx,SI
92036170527,Centro Ricerche EtnoAntropologiche,CENTRO RICERCHE ETNOANTROPOLOGICHE,https://www.open-cooperazione.it/web/org-centro-ricerche-etnoantropologiche-scheda-1htFCbAxQp6WVIXaz.aspx,NO
92036270376,Nexus Solidarietà Internazionale Emilia Romagna ETS,NEXUS SOLIDARIET INTERNAZIONALE EMILIA ROMAGNA,https://www.open-cooperazione.it/web/org-nexus-solidarieta-internazionale-emilia-romagna-ets-scheda-xPdNtwhCbAxwykXaz.aspx,SI
92045040281,Incontro fra i Popoli ETS,INCONTRO FRA I POPOLI,https://www.open-cooperazione.it/web/org-incontro-fra-i-popoli-ets-scheda-0lgXudlgknYXaz.aspx,SI
92074950491,Pang'onoPang'ono OdV,PANG ONOPANG ONO,https://www.open-cooperazione.it/web/org-pangonopangono-odv-scheda-60eBNEnZ3bUXaz.aspx,NO
92083720802,Associazione Coopisa - Cooperazione in Sanità,COOPISA COOPERAZIONE IN SANIT,https://www.open-cooperazione.it/web/org-associazione-coopisa-cooperazione-in-sanita-scheda-6n4qQPd5jVQXaz.aspx,NO
92094130801,Ashiafatima odv-ETS,ASHIAFATIMA,https://www.open-cooperazione.it/web/org-ashiafatima-odv-ets-scheda-ZqpezmYYtZAXaz.aspx,NO
92111260805,SAVE YOUR GLOBE APS,SAVE YOUR GLOBE,https://www.open-cooperazione.it/web/org-save-your-globe-aps-scheda-x_3AVTcPryAXaz.aspx,NO
92126320495,Ass. tripla difesa onlus Guardie Sicurezza Sociale e Eco Zoofila,ASS TRIPLA DIFESA GUARDIE SICUREZZA SOCIALE E ECO ZOOFILA,https://www.open-cooperazione.it/web/org-ass-tripla-difesa-onlus-guardie-sicurezza-sociale-e-eco-zoofila-scheda-9icMWgELL6MXaz.aspx,SI
92259690284,L'Osteria Volante a.p.s.,L OSTERIA VOLANTE A P S,https://www.open-cooperazione.it/web/org-losteria-volante-aps-scheda-piCbAxWsevN6CbAxQXaz.aspx,NO
92504680155,Ai.Bi.  Amici dei Bambini ETS,AI BI AMICI DEI BAMBINI,https://www.open-cooperazione.it/web/org-aibi-amici-dei-bambini-ets-scheda-6cFtwHxB3BsXaz.aspx,SI
93008860756,Cooperazione nei Territori del  Mondo - ETS (CTM - ETS),COOPERAZIONE NEI TERRITORI DEL MONDO CTM,https://www.open-cooperazione.it/web/org-cooperazione-nei-territori-del-mondo-ets-ctm-ets-scheda-pWRMfbAyWbgXaz.aspx,SI
93009320875,Cooperazione Paesi Emergenti,COOPERAZIONE PAESI EMERGENTI,https://www.open-cooperazione.it/web/org-cooperazione-paesi-emergenti-scheda-v6ffIyoLolUXaz.aspx,SI
93009330254,"Associazione ""Insieme si può..."" ONG-ETS",INSIEME SI PU,https://www.open-cooperazione.it/web/org-associazione-insieme-si-puo-ong-ets-scheda-jne8HZMO4loXaz.aspx,SI
93017230611,L'OSSERVATORIO SOCIALE ODV,L OSSERVATORIO SOCIALE,https://www.open-cooperazione.it/web/org-losservatorio-sociale-odv-scheda-pqtHP5wJfqkXaz.aspx,SI
93025880753,Fondazione Emmanuel - Don Francesco Tarantini per le migrazioni e il sud del mondo ETS,EMMANUEL DON FRANCESCO TARANTINI PER LE MIGRAZIONI E IL SUD DEL MONDO,https://www.open-cooperazione.it/web/org-fondazione-emmanuel-don-francesco-tarantini-per-le-migrazioni-e-il-sud-del-mondo-ets-scheda-ejHgq_92Dm0Xaz.aspx,SI
93046010422,ISCOS Marche ODV,ISCOS MARCHE,https://www.open-cooperazione.it/web/org-iscos-marche-odv-scheda-vJ9G4nyVBB0Xaz.aspx,NO
93052280505,El Comedor Estudiantil Giordano Liva Odv,EL COMEDOR ESTUDIANTIL GIORDANO LIVA,https://www.open-cooperazione.it/web/org-el-comedor-estudiantil-giordano-liva-odv-scheda-IYvNXnEWKQIXaz.aspx,NO
93056980910,svs viaggi per la salute,SVS VIAGGI PER LA SALUTE,https://www.open-cooperazione.it/web/org-svs-viaggi-per-la-salute-scheda-Rcqot7LpcXsXaz.aspx,NO
93074710232,Fairtrade Italia Società Cooperativa Impresa Sociale,FAIRTRADE ITALIA SOCIET COOPERATIVA IMPRESA SOCIALE,https://www.open-cooperazione.it/web/org-fairtrade-italia-societa-cooperativa-impresa-sociale-scheda-ufttnvTtSCbAxgXaz.aspx,SI
93078630501,DICA ONLUS,DICA,https://www.open-cooperazione.it/web/org-dica-onlus-scheda-631QnS7OFKoXaz.aspx,NO
93143850233,AMICI DI ANGAL ODV,AMICI DI ANGAL,https://www.open-cooperazione.it/web/org-amici-di-angal-odv-scheda-KDeV_unBgRcXaz.aspx,NO
93147060235,Medici per la Pace ODV,MEDICI PER LA PACE,https://www.open-cooperazione.it/web/org-medici-per-la-pace-odv-scheda-hGlh5BO5zFMXaz.aspx,SI
93524700155,Humana People to People Italia ONLUS,HUMANA PEOPLE TO PEOPLE ITALIA,https://www.open-cooperazione.it/web/org-humana-people-to-people-italia-onlus-scheda-cRFn0W4e6IYXaz.aspx,SI
94008570486,COSPE,COSPE,https://www.open-cooperazione.it/web/org-cospe-scheda-ZbSvC_hZZwcXaz.aspx,SI
94012630466,PCRF-Italia ODV (Palestine Children's Relief Fund Italia ODV),PCRF ITALIA PALESTINE CHILDREN S RELIEF FUND ITALIA,https://www.open-cooperazione.it/web/org-pcrf-italia-odv-palestine-childrens-relief-fund-italia-odv-scheda-iDFyAGgdlw8Xaz.aspx,NO
94012880301,International Action APS,INTERNATIONAL ACTION,https://www.open-cooperazione.it/web/org-international-action-aps-scheda-OgcoUcJpzFcXaz.aspx,NO
94014940301,Centro di Volontariato Internazionale ODV,CENTRO DI VOLONTARIATO INTERNAZIONALE,https://www.open-cooperazione.it/web/org-centro-di-volontariato-internazionale-odv-scheda-uko5co1YA_4Xaz.aspx,SI
94048560273,CARE TO ACTION ETS-ONG,CARE TO ACTION,https://www.open-cooperazione.it/web/org-care-to-action-ets-ong-scheda-ol66YbS3yIgXaz.aspx,SI
94056620035,Mater Africa per la Cooperazione Internazionale ETS,MATER AFRICA PER LA COOPERAZIONE INTERNAZIONALE,https://www.open-cooperazione.it/web/org-mater-africa-per-la-cooperazione-internazionale-ets-scheda-YTipCGM3wUYXaz.aspx,NO
94060350272,Organizzazione Umanitaria Maniverso O.d.V.,ORGANIZZAZIONE UMANITARIA MANIVERSO O D V,https://www.open-cooperazione.it/web/org-organizzazione-umanitaria-maniverso-odv-scheda-UxutX_CbAx3AZ4Xaz.aspx,NO
94066750483,Annulliamo la Distanza ODV,ANNULLIAMO LA DISTANZA,https://www.open-cooperazione.it/web/org-annulliamo-la-distanza-odv-scheda-hhg5tYjDC1EXaz.aspx,SI
94094820365,Bambini nel Deserto Ets,BAMBINI NEL DESERTO,https://www.open-cooperazione.it/web/org-bambini-nel-deserto-ets-scheda-zOthmY0zCbAxfwXaz.aspx,SI
94106980264,Informatici Senza Frontiere APS,INFORMATICI SENZA FRONTIERE,https://www.open-cooperazione.it/web/org-informatici-senza-frontiere-aps-scheda-CbAxgYcaK8Bj90Xaz.aspx,NO
94168700485,BUSAJO NGO ETS,BUSAJO NGO,https://www.open-cooperazione.it/web/org-busajo-ngo-ets-scheda-nv1B0DGSHqAXaz.aspx,SI
94257490485,Alma Calende Aps,ALMA CALENDE,https://www.open-cooperazione.it/web/org-alma-calende-aps-scheda-sAUougztDMgXaz.aspx,NO
95007860067,Missione Saida  ODV,MISSIONE SAIDA,https://www.open-cooperazione.it/web/org-missione-saida-odv-scheda-0yVWao9NrE4Xaz.aspx,NO
95008730160,CESVI Fondazione - ETS,CESVI,https://www.open-cooperazione.it/web/org-cesvi-fondazione-ets-scheda-25ICbAxt9HaguIXaz.aspx,SI
95053240131,IL SOLE ASSOCIAZIONE ETS,IL SOLE,https://www.open-cooperazione.it/web/org-il-sole-associazione-ets-scheda-mpdp3AFxqfIXaz.aspx,SI
95055660138,Fondazione Doctor Ambrosoli Memorial Hospital Kalongo - ETS,DOCTOR AMBROSOLI MEMORIAL HOSPITAL KALONGO,https://www.open-cooperazione.it/web/org-fondazione-doctor-ambrosoli-memorial-hospital-kalongo-ets-scheda-y58j_CaGOCbAxIXaz.aspx,SI
95067810242,Fondazione Microfinanza e Comunità ETS,MICROFINANZA E COMUNIT,https://www.open-cooperazione.it/web/org-fondazione-microfinanza-e-comunita-ets-scheda-o0vx5koXbroXaz.aspx,SI
95069680130,Amici per il Centrafrica ODV,AMICI PER IL CENTRAFRICA,https://www.open-cooperazione.it/web/org-amici-per-il-centrafrica-odv-scheda-OKYSIyS_kesXaz.aspx,SI
95082260100,MUSIC FOR PEACE,MUSIC FOR PEACE,https://www.open-cooperazione.it/web/org-music-for-peace-scheda-muvMmzk149QXaz.aspx,SI
95162550107,Januaforum,JANUAFORUM,https://www.open-cooperazione.it/web/org-januaforum-scheda-TB4CbAx4CbAx097oAXaz.aspx,SI
95181620162,Orizzonte Malawi onlus,ORIZZONTE MALAWI,https://www.open-cooperazione.it/web/org-orizzonte-malawi-onlus-scheda-0xGqdRRqk9QXaz.aspx,NO
95182670653,S.O.S. TOLIARA ODV,S O S TOLIARA,https://www.open-cooperazione.it/web/org-sos-toliara-odv-scheda-TSDQXs3eb7UXaz.aspx,NO
95309610632,Fondazione Rut ETS - Ente Filantropico,RUT FILANTROPICO,https://www.open-cooperazione.it/web/org-fondazione-rut-ets-ente-filantropico-scheda-j0FM34jxW1kXaz.aspx,NO
96031890187,Agenzia n. 1 di Pavia per Ayamé,AGENZIA N 1 DI PAVIA PER AYAM,https://www.open-cooperazione.it/web/org-agenzia-n-1-di-pavia-per-ayame-scheda-OlGw6JpNwowXaz.aspx,SI
96039770183,Fondazione Italia Uganda per l'opera di padre Giovanni Scalabrini,ITALIA UGANDA PER L OPERA DI PADRE GIOVANNI SCALABRINI,https://www.open-cooperazione.it/web/org-fondazione-italia-uganda-per-lopera-di-padre-giovanni-scalabrini-scheda-jT1zuc_WuFIXaz.aspx,SI
96047770589,AIDOS - Associazione Italiana Donne per lo Sviluppo ETS,AIDOS ITALIANA DONNE PER LO SVILUPPO,https://www.open-cooperazione.it/web/org-aidos-associazione-italiana-donne-per-lo-sviluppo-ets-scheda-HhXlS38KyXoXaz.aspx,SI
96049250184,ASSOCIAZIONE FILIPPO ASTORI,FILIPPO ASTORI,https://www.open-cooperazione.it/web/org-associazione-filippo-astori-scheda-mGEzz7t7KPAXaz.aspx,NO
96117750586,ASSOCIAZIONE VOLONTARI DOKITA ONLUS,VOLONTARI DOKITA,https://www.open-cooperazione.it/web/org-associazione-volontari-dokita-onlus-scheda-ev_xJ5GekO8Xaz.aspx,SI
96118860582,Volontariato Internazionale Donna Educazione Sviluppo,VOLONTARIATO INTERNAZIONALE DONNA EDUCAZIONE SVILUPPO,https://www.open-cooperazione.it/web/org-volontariato-internazionale-donna-educazione-sviluppo-scheda-F1J1X1xQ8XoXaz.aspx,SI
96126560588,ASSOCIAZIONE DIFFERENZA DONNA APS,DIFFERENZA DONNA,https://www.open-cooperazione.it/web/org-associazione-differenza-donna-aps-scheda-Wk028TMz_sUXaz.aspx,SI
96148350588,ARCS ARCI Culture Solidali APS,ARCS ARCI CULTURE SOLIDALI,https://www.open-cooperazione.it/web/org-arcs-arci-culture-solidali-aps-scheda-pob2cnpYn_UXaz.aspx,SI
96206220582,M.A.I.S. - Movimento per l'Autosviluppo Internazionale nella Solidarietà,M A I S MOVIMENTO PER L AUTOSVILUPPO INTERNAZIONALE NELLA SOLIDARIET,https://www.open-cooperazione.it/web/org-mais-movimento-per-lautosviluppo-internazionale-nella-solidarieta-scheda-isdUtOMxJ7sXaz.aspx,SI
96232290583,Un Ponte Per ETS,UN PONTE PER,https://www.open-cooperazione.it/web/org-un-ponte-per-ets-scheda-fbMEIPWmTH0Xaz.aspx,SI
96329390585,A.G.A.P.E. ETS,A G A P E,https://www.open-cooperazione.it/web/org-agape-ets-scheda-gEkysv57brYXaz.aspx,SI
96449090586,MANALIVE odv,MANALIVE,https://www.open-cooperazione.it/web/org-manalive-odv-scheda-SGQYnY_ZymcXaz.aspx,NO
96453680587,Angeli in Moto OdV,ANGELI IN MOTO,https://www.open-cooperazione.it/web/org-angeli-in-moto-odv-scheda-Qb0tNCCbAxGA48Xaz.aspx,NO
97004220584,Servizio Civile Internazionale Onlus,SERVIZIO CIVILE INTERNAZIONALE,https://www.open-cooperazione.it/web/org-servizio-civile-internazionale-onlus-scheda-tG2qbxH5_LAXaz.aspx,SI
97020740151,ACRA (Fondazione ACRA),ACRA ACRA,https://www.open-cooperazione.it/web/org-acra-fondazione-acra-scheda-WHfiDVMuRfAXaz.aspx,SI
97027130588,CIES ETS,CIES,https://www.open-cooperazione.it/web/org-cies-ets-scheda-4zfOywWXGZgXaz.aspx,SI
97028820583,ISCOS,ISCOS,https://www.open-cooperazione.it/web/org-iscos-scheda-SSRMRc3HAuQXaz.aspx,SI
97032410157,AISPO,AISPO,https://www.open-cooperazione.it/web/org-aispo-scheda-bzazqEFUHnUXaz.aspx,SI
97041440153,Solidarietà e Cooperazione  CIPSI - ETS,SOLIDARIET E COOPERAZIONE CIPSI,https://www.open-cooperazione.it/web/org-solidarieta-e-cooperazione-cipsi-ets-scheda-A1IX217VsGwXaz.aspx,SI
97043050588,AMU - Azione per un Mondo Unito ETS,AMU AZIONE PER UN MONDO UNITO,https://www.open-cooperazione.it/web/org-amu-azione-per-un-mondo-unito-ets-scheda-Aa625BE8VO0Xaz.aspx,SI
97043830583,IPSIA - Istituto Pace Sviluppo Innovazione ACLI ETS ETS,IPSIA ISTITUTO PACE SVILUPPO INNOVAZIONE ACLI,https://www.open-cooperazione.it/web/org-ipsia-istituto-pace-sviluppo-innovazione-acli-ets-ets-scheda-VhE9dyajLfsXaz.aspx,SI
97046100588,Progetto Sud ETS,PROGETTO SUD,https://www.open-cooperazione.it/web/org-progetto-sud-ets-scheda-SupuVsLnpeMXaz.aspx,SI
97049320589,AVAZ,AVAZ,https://www.open-cooperazione.it/web/org-avaz-scheda-RzNYVESl8zYXaz.aspx,SI
97050280581,CISP - SVILUPPO DEI POPOLI ETS (CISP Ets),CISP SVILUPPO DEI POPOLI CISP,https://www.open-cooperazione.it/web/org-cisp-sviluppo-dei-popoli-ets-cisp-ets-scheda-5djPZmQ8b_sXaz.aspx,SI
97056980580,Amref Health Africa ETS,AMREF HEALTH AFRICA,https://www.open-cooperazione.it/web/org-amref-health-africa-ets-scheda-5ep0CbAxQa38_AXaz.aspx,SI
97061580151,REACH ITALIA ONLUS,REACH ITALIA,https://www.open-cooperazione.it/web/org-reach-italia-onlus-scheda-hjWW2j4Sj_kXaz.aspx,SI
97072360155,Fondazione MAGIS E.T.S.,MAGIS E T S,https://www.open-cooperazione.it/web/org-fondazione-magis-ets-scheda-atZFi1UPjgMXaz.aspx,SI
97086880156,Associazione per gli Studi Giuridici sull’Immigrazione – ASGI Associazione di Promozione Sociale,PER GLI STUDI GIURIDICI SULL IMMIGRAZIONE ASGI DI PROMOZIONE SOCIALE,https://www.open-cooperazione.it/web/org-associazione-per-gli-studi-giuridici-sull-immigrazione-asgi-associazione-di-promozione-sociale-scheda-LjU8hyEAaJ4Xaz.aspx,NO
97088690587,APURIMAC ETS,APURIMAC,https://www.open-cooperazione.it/web/org-apurimac-ets-scheda-pwZsB2qd4CbAxEXaz.aspx,SI
97091470589,INTERSOS - Organizzazione Umanitaria ETS,INTERSOS ORGANIZZAZIONE UMANITARIA,https://www.open-cooperazione.it/web/org-intersos-organizzazione-umanitaria-ets-scheda-W3DgkbjbahYXaz.aspx,SI
97096120585,Medici Senza Frontiere ETS,MEDICI SENZA FRONTIERE,https://www.open-cooperazione.it/web/org-medici-senza-frontiere-ets-scheda-OwzCPpED9xUXaz.aspx,SI
97107730588,Non c'è Pace Senza Giustizia ETS NPSG/NPWJ,NON C PACE SENZA GIUSTIZIA NPSG NPWJ,https://www.open-cooperazione.it/web/org-non-ce-pace-senza-giustizia-ets-npsg-npwj-scheda-0dPLCbAxA4jdk0Xaz.aspx,SI
97143970826,COOPERAZIONE INTERNAZIONALE SUD SUD,COOPERAZIONE INTERNAZIONALE SUD SUD,https://www.open-cooperazione.it/web/org-cooperazione-internazionale-sud-sud-scheda-dl6LfwygLm8Xaz.aspx,NO
97147110155,EMERGENCY ONG ETS,EMERGENCY,https://www.open-cooperazione.it/web/org-emergency-ong-ets-scheda-hdbKdTs91B8Xaz.aspx,SI
97149300150,Fondazione Terre des Hommes Italia ETS,TERRE DES HOMMES ITALIA,https://www.open-cooperazione.it/web/org-fondazione-terre-des-hommes-italia-ets-scheda-ur8d6XfNUkgXaz.aspx,SI
97155030154,A.L. AMICIZIA LONTANA ONLUS,A L AMICIZIA LONTANA,https://www.open-cooperazione.it/web/org-al-amicizia-lontana-onlus-scheda-2RBFxxtQRwYXaz.aspx,NO
97156280154,Fondazione Ivo de Carneri ETS,IVO DE CARNERI,https://www.open-cooperazione.it/web/org-fondazione-ivo-de-carneri-ets-scheda-cQfvybubIyoXaz.aspx,SI
97179120155,Associazione Amani ETS,AMANI,https://www.open-cooperazione.it/web/org-associazione-amani-ets-scheda-QffAPwQcBg8Xaz.aspx,SI
97182800157,Istituto Oikos E.T.S.,ISTITUTO OIKOS E T S,https://www.open-cooperazione.it/web/org-istituto-oikos-ets-scheda-DxVlVwCVVUYXaz.aspx,SI
97218030589,Rete di amicizia con le ragazze e i ragazzi di strada - Amistrada Ets,RETE DI AMICIZIA CON LE RAGAZZE E I RAGAZZI DI STRADA AMISTRADA,https://www.open-cooperazione.it/web/org-rete-di-amicizia-con-le-ragazze-e-i-ragazzi-di-strada-amistrada-ets-scheda-I8V_4n15RmQXaz.aspx,NO
97227450158,Save the Children Italia - ETS,SAVE THE CHILDREN ITALIA,https://www.open-cooperazione.it/web/org-save-the-children-italia-ets-scheda-V7fJ7BNWH4kXaz.aspx,SI
97241280151,WeWorld,WEWORLD,https://www.open-cooperazione.it/web/org-weworld-scheda-dCbAxjzFOBK68cXaz.aspx,SI
97256540580,AMICI DEL MONDO WORLD FRIENDS ETS,AMICI DEL MONDO WORLD FRIENDS,https://www.open-cooperazione.it/web/org-amici-del-mondo-world-friends-ets-scheda-FTQKJUFEQXwXaz.aspx,SI
97257480158,PuntoSud,PUNTOSUD,https://www.open-cooperazione.it/web/org-puntosud-scheda-FCFweewwIuAXaz.aspx,SI
97266540158,Project for People ODV,PROJECT FOR PEOPLE,https://www.open-cooperazione.it/web/org-project-for-people-odv-scheda-1RYZ6y_uTE4Xaz.aspx,SI
97275880587,Pro Terra Sancta,PRO TERRA SANCTA,https://www.open-cooperazione.it/web/org-pro-terra-sancta-scheda-eWEvCbAx318PwEXaz.aspx,SI
97294480583,AREF International ETS,AREF INTERNATIONAL,https://www.open-cooperazione.it/web/org-aref-international-ets-scheda-JZwPM19wPtcXaz.aspx,NO
97294500828,Mercy in Action APS,MERCY IN ACTION,https://www.open-cooperazione.it/web/org-mercy-in-action-aps-scheda-xgOzPcNkZ8cXaz.aspx,NO
97301140154,FONDAZIONE PRO.SA,PRO SA,https://www.open-cooperazione.it/web/org-fondazione-prosa-scheda-rvxTQqZjRCoXaz.aspx,SI
97309950158,ALA Milano ETS,ALA MILANO,https://www.open-cooperazione.it/web/org-ala-milano-ets-scheda-kcxYAJR3cWcXaz.aspx,NO
97321620151,Fondazione Pangea ETS,PANGEA,https://www.open-cooperazione.it/web/org-fondazione-pangea-ets-scheda-toEKIw4AQscXaz.aspx,SI
97329310151,SOLETERRE ETS,SOLETERRE,https://www.open-cooperazione.it/web/org-soleterre-ets-scheda-znUbg6lGsIwXaz.aspx,SI
97351760588,ForumSaD,FORUMSAD,https://www.open-cooperazione.it/web/org-forumsad-scheda-q1B1IBNg9wsXaz.aspx,NO
97368860587,Haliéus,HALI US,https://www.open-cooperazione.it/web/org-halieus-scheda-9LkKwIfc2X4Xaz.aspx,SI
97433780158,Vento di Terra ETS,VENTO DI TERRA,https://www.open-cooperazione.it/web/org-vento-di-terra-ets-scheda-SqhRSMPLzCbAx0Xaz.aspx,SI
97452480151,TWINS INTERNATIONAL ETS,TWINS INTERNATIONAL,https://www.open-cooperazione.it/web/org-twins-international-ets-scheda-0jSWZefdxfYXaz.aspx,SI
97455990586,Emergenza Sorrisi - Doctors for Smiling Children Onlus,EMERGENZA SORRISI DOCTORS FOR SMILING CHILDREN,https://www.open-cooperazione.it/web/org-emergenza-sorrisi-doctors-for-smiling-children-onlus-scheda-39d8QrmoFi8Xaz.aspx,SI
97476850587,"Coopermondo - Associazione per la Cooperazione Internazionale allo Sviluppo, ETS",COOPERMONDO PER LA COOPERAZIONE INTERNAZIONALE ALLO SVILUPPO,https://www.open-cooperazione.it/web/org-coopermondo-associazione-per-la-cooperazione-internazionale-allo-sviluppo-ets-scheda-9ehzL84eGJAXaz.aspx,SI
97483180580,Comunità Solidali Nel Mondo,COMUNIT SOLIDALI NEL MONDO,https://www.open-cooperazione.it/web/org-comunita-solidali-nel-mondo-scheda-2dqBZDZV_88Xaz.aspx,SI
97501240010,C.I.F.A. Centro Internazionale per l'Infanzia e la Famiglia ETS,C I F A CENTRO INTERNAZIONALE PER L INFANZIA E LA FAMIGLIA,https://www.open-cooperazione.it/web/org-cifa-centro-internazionale-per-linfanzia-e-la-famiglia-ets-scheda-iBHIhTtxwJQXaz.aspx,SI
97504230018,Comitato Collaborazione Medica - CCM,COMITATO COLLABORAZIONE MEDICA CCM,https://www.open-cooperazione.it/web/org-comitato-collaborazione-medica-ccm-scheda-CbAx0trgf59LMcXaz.aspx,SI
97512090586,Good Shepherd International Foundation ONLUS,GOOD SHEPHERD INTERNATIONAL FOUNDATION,https://www.open-cooperazione.it/web/org-good-shepherd-international-foundation-onlus-scheda-JskM99N5qVkXaz.aspx,NO
97517930018,FONDAZIONE VOLONTARIATO INTERNAZIONALE PER LO SVILUPPO - ETS,VOLONTARIATO INTERNAZIONALE PER LO SVILUPPO,https://www.open-cooperazione.it/web/org-fondazione-volontariato-internazionale-per-lo-sviluppo-ets-scheda-eBGEu4rhRogXaz.aspx,SI
97521140018,RE.TE. Ong - Associazione di tecnici per la solidarietà e cooperazione internazionale,RE TE DI TECNICI PER LA SOLIDARIET E COOPERAZIONE INTERNAZIONALE,https://www.open-cooperazione.it/web/org-rete-ong-associazione-di-tecnici-per-la-solidarieta-e-cooperazione-internazionale-scheda-ttZHlrboMzcXaz.aspx,SI
97538280013,"M.A.I.S. - Movimento per l'Autosviluppo, l'Interscambio e la Solidarietà",M A I S MOVIMENTO PER L AUTOSVILUPPO L INTERSCAMBIO E LA SOLIDARIET,https://www.open-cooperazione.it/web/org-mais-movimento-per-lautosviluppo-linterscambio-e-la-solidarieta-scheda-n1Y5WB4KZMYXaz.aspx,SI
97538540010,Iscos Piemonte ETS,ISCOS PIEMONTE,https://www.open-cooperazione.it/web/org-iscos-piemonte-ets-scheda-uHPDHp3ahygXaz.aspx,NO
97550820019,Cooperazione Odontoiatrica Internazionale (COI) ETS,COOPERAZIONE ODONTOIATRICA INTERNAZIONALE COI,https://www.open-cooperazione.it/web/org-cooperazione-odontoiatrica-internazionale-coi-ets-scheda-PePS_VwRyIoXaz.aspx,SI
97563850151,Fondazione Cumse,CUMSE,https://www.open-cooperazione.it/web/org-fondazione-cumse-scheda-BSw5Yb1_y9QXaz.aspx,SI
97565530017,Anolf Piemonte,ANOLF PIEMONTE,https://www.open-cooperazione.it/web/org-anolf-piemonte-scheda-DYiy0CbAxal_Z4Xaz.aspx,SI
97570320016,Salute e Sviluppo ETS,SALUTE E SVILUPPO,https://www.open-cooperazione.it/web/org-salute-e-sviluppo-ets-scheda-K2MApKQR9VAXaz.aspx,SI
97574720013,A.S.P.I.C. - Associazione Studio Paziente Immuno Compromesso - ODV,A S P I C STUDIO PAZIENTE IMMUNO COMPROMESSO,https://www.open-cooperazione.it/web/org-aspic-associazione-studio-paziente-immuno-compromesso-odv-scheda-q02qRsl6COwXaz.aspx,NO
97610960581,DIRITTI AL CUORE ONLUS,DIRITTI AL CUORE,https://www.open-cooperazione.it/web/org-diritti-al-cuore-onlus-scheda-Ouycft4a2v0Xaz.aspx,NO
97617610155,Plan Italia ETS,PLAN ITALIA,https://www.open-cooperazione.it/web/org-plan-italia-ets-scheda-7L0A6Ui8FHAXaz.aspx,SI
97635330158,you able onlus,YOU ABLE,https://www.open-cooperazione.it/web/org-you-able-onlus-scheda-9rGYyNlgeOQXaz.aspx,NO
97645300159,Informatica Solidale OdV,INFORMATICA SOLIDALE,https://www.open-cooperazione.it/web/org-informatica-solidale-odv-scheda-Uc177kWzL44Xaz.aspx,NO
97657340010,Consorzio delle Ong Piemontesi ETS (COP ETS),CONSORZIO DELLE PIEMONTESI COP,https://www.open-cooperazione.it/web/org-consorzio-delle-ong-piemontesi-ets-cop-ets-scheda-s1d0hHNWnAQXaz.aspx,NO
97671440150,Progetto Uomo Rishilpi International ETS,PROGETTO UOMO RISHILPI INTERNATIONAL,https://www.open-cooperazione.it/web/org-progetto-uomo-rishilpi-international-ets-scheda-PBK8fVL2L9wXaz.aspx,SI
97695550588,NOVE ETS,NOVE,https://www.open-cooperazione.it/web/org-nove-ets-scheda-JCMHx47QBr0Xaz.aspx,SI
97732570151,E4Impact Foundation,E4IMPACT FOUNDATION,https://www.open-cooperazione.it/web/org-e4impact-foundation-scheda-ggLmBzJr0NYXaz.aspx,SI
97747110019,A PROPOSITO DI ALTRI MONDI ETS,A PROPOSITO DI ALTRI MONDI,https://www.open-cooperazione.it/web/org-a-proposito-di-altri-mondi-ets-scheda-3GPc__djQi8Xaz.aspx,SI
97771880016,Associazione Xlestrade,XLESTRADE,https://www.open-cooperazione.it/web/org-associazione-xlestrade-scheda-U5zSvRnywicXaz.aspx,NO
97853580153,Fondazione Seva for Africa ETS,SEVA FOR AFRICA,https://www.open-cooperazione.it/web/org-fondazione-seva-for-africa-ets-scheda-y7p_MtMZmw0Xaz.aspx,NO
97871950586,CADIS - Camillian Disaster Service International,CADIS CAMILLIAN DISASTER SERVICE INTERNATIONAL,https://www.open-cooperazione.it/web/org-cadis-camillian-disaster-service-international-scheda-HkcG7WEis3kXaz.aspx,NO
97925840585,Fondazione Aurora ETS,AURORA,https://www.open-cooperazione.it/web/org-fondazione-aurora-ets-scheda-lONZ2xbGrmoXaz.aspx,SI
98009900170,SCAIP - Servizio Collaborazione Assistenza Internazionale Piamartino Onlus,SCAIP SERVIZIO COLLABORAZIONE ASSISTENZA INTERNAZIONALE PIAMARTINO,https://www.open-cooperazione.it/web/org-scaip-servizio-collaborazione-assistenza-internazionale-piamartino-onlus-scheda-6W7ieHycLS0Xaz.aspx,SI
98011200171,Medicus Mundi Italia ETS,MEDICUS MUNDI ITALIA,https://www.open-cooperazione.it/web/org-medicus-mundi-italia-ets-scheda-vWpDN6bsSa0Xaz.aspx,SI
98049170172,associazione P.O.B.I.C. odv,P O B I C,https://www.open-cooperazione.it/web/org-associazione-pobic-odv-scheda-uz3GUqKAUukXaz.aspx,NO
98196180172,La Luna di Vasilika Onlus,LA LUNA DI VASILIKA,https://www.open-cooperazione.it/web/org-la-luna-di-vasilika-onlus-scheda-gd3dM61PeS8Xaz.aspx,NO
